<server>
	<dataSource id="DESIGNDS" jndiName="DESIGNDS" validationTimeout="3"  isolationLevel="TRANSACTION_READ_COMMITTED"  type="javax.sql.DataSource">
		<jdbcDriver libraryRef="DB2JCC4Lib"/>
		<properties.db2.jcc 
			databaseName="DOSDEMO1" 
			serverName="<hosstname>"
			portNumber="50000"
    		user="db2inst1" 
                        password="password"
			resultSetHoldability="HOLD_CURSORS_OVER_COMMIT"
                        clientRerouteAlternateServerName="<backup_hostname>"
                        clientRerouteAlternatePortNumber="50000"
                        retryIntervalForClientReroute="3" maxRetriesForClientReroute="3"/>
                <connectionManager globalConnectionTypeOverride="unshared" maxPoolSize="0" purgePolicy="FailingConnectionOnly" reapTime="30s"/>

	</dataSource>

	<dataSource id="DESIGNDSXA" jndiName="DESIGNDSXA" validationTimeout="3"  isolationLevel="TRANSACTION_READ_COMMITTED"  type="javax.sql.XADataSource">
		<jdbcDriver libraryRef="DB2JCC4Lib"/>
		<properties.db2.jcc 
			databaseName="DOSDEMO1" 
			serverName="<hostname>"
			portNumber="50000"
    		user="db2inst1" 
                        password="password"
                        clientRerouteAlternateServerName="<backup_hostname>"
                        clientRerouteAlternatePortNumber="50000"
                        retryIntervalForClientReroute="3" maxRetriesForClientReroute="3"/>
                <connectionManager globalConnectionTypeOverride="unshared" maxPoolSize="0" purgePolicy="FailingConnectionOnly" reapTime="30s"/>

	</dataSource>
</server>
