<server>
	<dataSource id="DESIGNDS" jndiName="DESIGNDS"  isolationLevel="TRANSACTION_READ_COMMITTED"  type="javax.sql.DataSource">
		<jdbcDriver libraryRef="DB2JCC4Lib"/>
		<properties.db2.jcc 
			databaseName="DOSDEMO1" 
			serverName="<hostname>"
			portNumber="50000"
    		user="db2inst1" 
                        password="password"
			resultSetHoldability="HOLD_CURSORS_OVER_COMMIT"
		/>
		<connectionManager maxIdleTime="1m" maxPoolSize="50" minPoolSize="0" reapTime="2m" enableSharingForDirectLookups="false"/>

	</dataSource>

	<dataSource id="DESIGNDSXA" jndiName="DESIGNDSXA"  isolationLevel="TRANSACTION_READ_COMMITTED"  type="javax.sql.XADataSource" supplementalJDBCTrace="true">
		<properties.db2.jcc 
			databaseName="DOSDEMO1"
			serverName="<hostname>"
			portNumber="50000"
    		user="db2inst1"
                        password="password"
		/>
		<connectionManager maxIdleTime="1m" maxPoolSize="50" minPoolSize="0" reapTime="2m" enableSharingForDirectLookups="true"/>

		<jdbcDriver libraryRef="DB2JCC4Lib"/>

	</dataSource>
</server>
