<?xml version="1.0" encoding="UTF-8"?><configuration description="This task adds the database JDBC driver to your web application server environment variables so that IBM Content Navigator can access its configuration database table. &#10;&#10;Before you complete this task, you must copy the JDBC driver for your database to the IBM Content Navigator server.  If you plan to deploy IBM Content Navigator in a highly available cluster, you must copy the driver to each node in your cluster" displayName="Configure JDBC Driver for Your Database" enabled="true" implementorid="standard">
<property name="JDBCDriverName2">
        <value>DB2 Universal JDBC Driver</value>
        <description>Enter the JDBC driver name. Valid values are: Microsoft JDBC Driver / Oracle JDBC Driver / Oracle JDBC Driver (RAC support) / DB2 Universal JDBC Driver / DB2 for z/OS Universal JDBC Driver</description>
        <displayName>JDBC driver</displayName>
    </property>
    <property name="jdbcDir">
        <value>C:\Program Files\IBM\tdsV6.3db2\java</value>
        <description>Specify the directory where you installed the JDBC driver files on your IBM Content Navigator server. 

If you plan to deploy IBM Content Navigator in a highly available cluster, you must copy the driver to the same directory on each node in your cluster.</description>
        <displayName>JDBC directory</displayName>
    </property>
    <property name="ApplicationServerNode">
        <value>P8Node01</value>
        <description>Specify the node where IBM Content Navigator will be deployed. 

If no nodes are listed in the drop-down menu, you are not connected to the web application server. Ensure that the web application server where you want to deploy IBM Content Navigator is running and that the values that you specified when you connected to your WebSphere Application Server environment are correct.</description>
        <displayName>Application server node</displayName>
    </property>
    <property name="ApplicationServerName">
        <value>server1</value>
        <description>Specify the server where IBM Content Navigator will be deployed.

If no servers are listed in the drop-down menu, you are not connected to the web application server. Ensure that the web application server where you want to deploy IBM Content Navigator is running and that the values that you specified when you connected to your WebSphere Application Server environment are correct.</description>
        <displayName>Application server name</displayName>
    </property>
    <property name="jdbcjarsScript">
        <value>C:\Program Files (x86)\IBM\ECMClient\configure\scripts\setWSJDBCjars.tcl</value>
        <description>Enter the fully qualified path of the JDBC configuration script, setWSJDBCjars.tcl. The default path is C:\Program Files (x86)\IBM\ECMClient\configure\scripts\setWSJDBCjars.tcl.</description>
        <displayName>JDBC configuration script</displayName>
    </property>
    <property name="tempDir">
        <value>C:\Program Files (x86)\IBM\ECMClient\configure\tmp</value>
        <description>Enter the fully qualified path of a temporary directory that the configuration and deployment tool can use when running this task.

You must have read and write access for the directory.

The default directory is: C:\Program Files (x86)\IBM\ECMClient\configure\tmp.</description>
        <displayName>Temporary directory</displayName>
    </property>
</configuration>