<?xml version="1.0" encoding="UTF-8"?><configuration description="IBM Content Navigator stores configuration information and user preferences in a database. This task creates a data source connection that enables the web client to connect to the IBM Content Navigator database. &#10;&#10;You must have an existing database before you run this task." displayName="Create a Data Source for Your Database" enabled="true" implementorid="db2">
<property name="JDBCDataSourceName">
        <value>ECMClientDS</value>
        <description>Enter the name of the non-XA JDBC data source that you want to create to communicate with the IBM Content Navigator database. The name must be unique and cannot contain spaces.  The default name is ECMClientDS

This task fails if the data source name already exists on your web application server.

It is recommended that you remove the existing data source by using your application server administration tools before you run this task.</description>
        <displayName>JDBC data source name</displayName>
    </property>
    <property name="DatabaseServerName">
        <value>localhost</value>
        <description>Enter the short name, long name, or the IP address of the server where the database software is installed. </description>
        <displayName>Database host name</displayName>
    </property>
    <property name="DatabasePortNumber">
        <value>50000</value>
        <description>Enter the port number that is used by the database instance where you will create the IBM Content Navigator configuration table. The default DB2 port is 50000.</description>
        <displayName>Database port</displayName>
    </property>
    <property name="DatabaseName">
        <value>NEXUSDB</value>
        <description>Specify the name of the database instance where you want to create the IBM Content Navigator configuration table database. You must specify an existing database.</description>
        <displayName>Database name</displayName>
    </property>
    <property name="DatabaseUsername">
        <value>nexusdbuser</value>
        <description>Enter the name of the database user that the IBM Content Navigator data source will use to connect to the database. 

The user must have INSERT, UPDATE, DELETE, and SELECT authority on the IBM Content Navigator configuration table.</description>
        <displayName>Database user name</displayName>
    </property>
    <property name="DatabasePassword">
        <value>IBMFileNetP8</value>
        <description>Enter the password of the specified database user. </description>
        <displayName>Database user password</displayName>
    </property>
    <property name="JDBCDriverVersion">
        <value>3.0</value>
        <description>The JDBC driver version for your database type. Valid values are: 3.0 / 4.0</description>
        <displayName>JDBC driver version</displayName>
    </property>
    <property name="jdbcScript">
        <value>C:\Program Files (x86)\IBM\ECMClient\configure\scripts\configureWSJDBC.tcl</value>
        <description>Enter the fully qualified path of the JDBC configuration script, configureWSJDBC.tcl. The default path is C:\Program Files (x86)\IBM\ECMClient\configure\scripts\configureWSJDBC.tcl.</description>
        <displayName>JDBC configuration script</displayName>
    </property>
    <property name="tempDir">
        <value>C:\Program Files (x86)\IBM\ECMClient\configure\tmp</value>
        <description>Enter the fully qualified path of a temporary directory that the configuration and deployment tool can use when running this task.

You must have read and write access for the directory.

The default directory is: C:\Program Files (x86)\IBM\ECMClient\configure\tmp.</description>
        <displayName>Temporary directory</displayName>
    </property>
</configuration>