<?xml version="1.0" encoding="UTF-8"?><configuration description="IBM Content Navigator uses the Content Engine LDAP repository to log into IBM FileNet P8. You must configure your web application server to use the Content Engine LDAP repository. &#10;&#10;Important: The values that you enter must match the values that are set on your Content Engine server." displayName="Configure the Connection to Your LDAP Server" enabled="true" implementorid="standalone.tivolids">
<property name="LDAPServerHost">
        <value>localhost</value>
        <description>Enter the short name, long name, or the IP address of the directory server host in a format that can be resolved from your web application server.</description>
        <displayName>Directory service server host name</displayName>
    </property>
    <property name="LDAPServerPort">
        <value>389</value>
        <description>Enter the port number that is configured on the directory server host for communicating with the directory service. The default port is 389. If you use SSL to communicate with the directory service the default port is 636.</description>
        <displayName>Directory service server port number</displayName>
    </property>
    <property name="LDAPBindDN">
        <value>cn=P8Admin,o=sample</value>
        <description>Enter the fully qualified distinguished name of the LDAP bind user. The application server uses this user account to bind to the directory service to authenticate user credentials. This account name must be a unique user across all realms.</description>
        <displayName>Directory service bind user name</displayName>
    </property>
    <property name="LDAPBindPassword">
       <value>IBMFileNetP8</value>
        <description>Enter the password that is used by the LDAP bind user to authenticate to the directory server. You can enter an encrypted password or a plain-text password. See the IBM FileNet P8 Platform Installation and Upgrade Guide, Appendix "Encrypt Passwords" for the procedure to encrypt a password before pasting the password into this file.</description>
        <displayName>Directory service bind user password</displayName>
    </property>
    <property name="LDAPBaseDN">
        <value>o=sample</value>
        <description>Enter a fully qualified distinguished name that is used as the starting point for searching the directory for users who can log in to FileNet P8 Platform. The base distinguished name and the user filter together define the search criteria that are used to determine the set of eligible users. Because many thousands of users can be in a directory service, you can limit the set of eligible users by specifying a directory subtree as the base distinguished name, for example, ou=FileNetUsers,DC=FNCE,DC=Region01,DC=filenet,DC=com.</description>
        <displayName>Base distinguished name</displayName>
    </property>
    <property name="LDAPUserFilter">
        <value>(&amp;(cn=%v)(objectclass=person))</value>
        <description>Enter the filter that is used by the bind user when searching for users in the directory service. The user base distinguished name and the user filter together define the search criteria that are used to determine the set of eligible users. This example searches on the attribute cn (common name) and the object class person for Tivoli Directory Server, ADAM or AD LDS, or eDirectory: (cn={0}). This example searches on the attribute sAMAccountName and the object class user for Active Directory: (sAMAccountName={0}). This example searches on the attribute uid for CA Directory or Oracle Internet Directory: (uid={0}). This example searches on the attribute uid and the object class person for Oracle Directory Server Enterprise Edition: (&amp;(objectClass=person)(uid={0})).</description>
        <displayName>User filter</displayName>
    </property>
    <property name="LDAPGroupFilter">
        <value>(&amp;(cn=%v)(|(objectclass=groupOfNames)(objectclass=groupOfUniqueNames)))</value>
        <description>Enter the filter that is used by the bind user when searching for groups in the directory service. The group filter and the group base distinguished name together define the search criteria that are used to determine the set of eligible groups.  The attribute here must match the attribute that you entered for the Group name attribute property. This example searches on the attribute member for CA Directory, Tivoli Directory Server, eDirectory, or Oracle Internet Directory Server,  :(member={1}). This example searches on the attribute sAMAccountName for Active Directory:(sAMAccountName={0}). This example searches on the attribute cn (common name) for ADAM or AD LDS:(cn={0}). This example searches on the attribute cn and the object type groupofnames for Oracle Directory Server Enterprise Edition: (&amp;(cn=%v)(|(objectclass=groupOfNames)(objectclass=groupOfUniqueNames))).</description>
        <displayName>Group filter</displayName>
    </property>
    <property name="LDAPUserIDMap">
        <value>cn</value>
        <description>Enter an attribute that determines the type of information that a user enters to log on to the directory server. The attribute can be any property on the LDAP user account, such as serial ID, e-mail address, or user name. This example is for Oracle Directory Server Enterprise Edition: uid.</description>
        <displayName>User ID map</displayName>
    </property>
    <property name="LDAPGroupIDMap">
        <value>*:cn</value>
        <description>Enter an attribute in a directory server entry that identifies the group. This example is for CA Directory Server, Tivoli Directory Server, Oracle Internet Directory Server and Oracle Directory Server Enterprise Edition: cn.  This example is for ADAM or AD LDS: memberOf.  This example is for eDirectory: groupMembership.</description>
        <displayName>Group ID map</displayName>
    </property>
    <property name="AdminConsoleUser">
        <value>P8Admin</value>
        <description>The appserver_console_user account is an LDAP account that has WebSphere Application Server administrative privileges so that it can log in to the WebSphere administrative console.

For Stand-alone LDAP registries, enter the credentials of a valid LDAP user account. When you run this task, this user account is given WebSphere Application Server administrative privileges. Alternatively, you can enter an LDAP account that already has administrative privileges.

For Federated repositories, you can enter the user account that is defined as your appserver_admin. If you specify a user other than your appserver_admin, the user account must be unique across all of the federated realms, including the WebSphere Application Server local file-based repository. </description>
        <displayName>Administrative console user name</displayName>
    </property>
    <property name="OverwriteExistingUserReg">
        <value>true</value>
        <description>Select this option to overwrite any existing stand-alone LDAP repository entries. For example, you might want to overwrite LDAP repository entries if you want to modify the existing LDAP configuration to update the current configuration.</description>
        <displayName>Overwrite existing stand-alone LDAP repository</displayName>
    </property>
    <property name="SetAsActiveUserReg">
        <value>true</value>
        <description>Select this option if you want to set the LDAP repository as the active user registry. When you select this option, the LDAP information that you provide is used to configure the active user registry.</description>
        <displayName>Set as current active user registry</displayName>
    </property>
    <property name="ldapScript">
        <value>C:\Program Files (x86)\IBM\ECMClient\configure\scripts\configureWSLDAP.tcl</value>
        <description>Enter the fully qualified path of the LDAP configuration script, configureWSLDAP.tcl. The default path is C:\Program Files (x86)\IBM\ECMClient\configure\scripts\configureWSLDAP.tcl.</description>
        <displayName>LDAP configuration script</displayName>
    </property>
    <property name="tempDir">
        <value>C:\Program Files (x86)\IBM\ECMClient\configure\tmp</value>
        <description>Enter the fully qualified path of a temporary directory that the configuration and deployment tool can use when running this task.

You must have read and write access for the directory.

The default directory is: C:\Program Files (x86)\IBM\ECMClient\configure\tmp.</description>
        <displayName>Temporary directory</displayName>
    </property>
    <property name="SSLEnabled">
        <value>false</value>
        <description>Select this option to enable and configure SSL communication between your LDAP server and the web application server.</description>
        <displayName>SSL enabled</displayName>
    </property>
</configuration>