[
    {
        "ParameterKey": "ORAFilesLocation",
        "ParameterValue": "override"
    },
    {
        "ParameterKey": "RDGWCIDR",
        "ParameterValue": "10.0.0.0/16"
    },
    {
        "ParameterKey": "DockerRegistryEntitlementKey",
        "ParameterValue": "override"
    },
    {
        "ParameterKey": "DomainAdminPassword",
        "ParameterValue": "$[taskcat_genpass_12A]"
    },
    {
        "ParameterKey": "KeyPairName",
        "ParameterValue": "override"
    },
    {
        "ParameterKey": "QSS3BucketName",
        "ParameterValue": "$[taskcat_autobucket]"
    },
    {
        "ParameterKey": "AvailabilityZones",
        "ParameterValue": "$[taskcat_genaz_3]"
    },
    {
        "ParameterKey": "RemoteAccessCIDR",
        "ParameterValue": "10.0.0.0/16"
    },
    {
        "ParameterKey": "DBPassword",
        "ParameterValue": "$[taskcat_genpass_8A]"
    },
    {
        "ParameterKey": "SSLCertARN",
        "ParameterValue": "override"
    }
]