<?xml version="1.0" encoding="UTF-8"?>
<server description="GRAPHQLUMS">
<featureManager>
<feature>openidConnectClient-1.0</feature>
</featureManager>
    <openidConnectClient id="graphql"
      scope="openid profile email general"
      clientId="graphql"
      clientSecret="password"  
      httpsRequired="true"
      mapIdentityToRegistryUser="false"
      inboundPropagation="supported"
      signatureAlgorithm="RS256"
      issuerIdentifier="https://<UMS host>:<UMS port>/oidc/endpoint/ums"
      authorizationEndpointUrl="https://<UMS host>:<UMS port>/oidc/endpoint/ums/authorize"
      tokenEndpointUrl="https://<UMS host>:<UMS port>/oidc/endpoint/ums/token"
      validationEndpointUrl="https://<UMS host>:<UMS port>/oidc/endpoint/ums/introspect"
      jwkEndpointUrl="https://<UMS host>:<UMS port>/oidc/endpoint/ums/jwk"
      </openidConnectClient>
</server>